
insert into Mitarbeiter (Mitarbeiterid, Leasing, Festangestellt, Auszubildende,Mitarbeiteranzahl) values (1, 10000000, 20000000,30000000, 60000000);
insert into Mitarbeiter (Mitarbeiterid, Leasing, Festangestellt, Auszubildende,Mitarbeiteranzahl) values (2, 700000000, 300000000,400000000, 1400000000);
insert into Mitarbeiter (Mitarbeiterid, Leasing, Festangestellt, Auszubildende,Mitarbeiteranzahl) values (3, 1250000000, 1250000000,1250000000, 3750000000);
insert into Mitarbeiter (Mitarbeiterid, Leasing, Festangestellt, Auszubildende,Mitarbeiteranzahl) values (4, 129320, 2230942,20339422, 39034030);
insert into Mitarbeiter (Mitarbeiterid, Leasing, Festangestellt, Auszubildende,Mitarbeiteranzahl) values (5, 348934093, 933498394,30943094, 3498349);
insert into Mitarbeiter (Mitarbeiterid, Leasing, Festangestellt, Auszubildende,Mitarbeiteranzahl) values (6, 495049, 3934939483,34098349, 3984349);
insert into Mitarbeiter (Mitarbeiterid, Leasing, Festangestellt, Auszubildende,Mitarbeiteranzahl) values (7, 495049, 3934939483,34098349, 3984349);
insert into Mitarbeiter (Mitarbeiterid, Leasing, Festangestellt, Auszubildende,Mitarbeiteranzahl) values (8, 495049, 3934939483,34098349, 3984349);
insert into Mitarbeiter (Mitarbeiterid, Leasing, Festangestellt, Auszubildende,Mitarbeiteranzahl) values (9, 9560495, 120391,3409450, 1209090);
insert into Mitarbeiter (Mitarbeiterid, Leasing, Festangestellt, Auszubildende,Mitarbeiteranzahl) values (10, 920340349, 209323,593909, 404509);

insert into Adresse (Adresseid, Bundesland ,Ort, PLZ, Strasse, Hausnummer) values (1, 'Salzburg', 'Hof bei Salzburg', 5322, 'Steinstraße', 13);
insert into Adresse (Adresseid, Bundesland ,Ort, PLZ, Strasse,  Hausnummer) values (2, 'Burgenland', 'Parndorf', 7111, 'Turmweg', 3);
insert into Adresse (Adresseid, Bundesland ,Ort, PLZ, Strasse,  Hausnummer) values (3, 'Oberösterreich', 'Linz', 4030, 'Blumenweg', 7);
insert into Adresse (Adresseid, Bundesland ,Ort, PLZ, Strasse, Hausnummer) values (4, 'Kärnten', 'Klagenfurt am Wörthersee', 9010, 'Laufweg', 9);
insert into Adresse (Adresseid, Bundesland ,Ort, PLZ, Strasse,  Hausnummer) values (5, 'Voralberg', 'Bregenz', 6900, 'Jägerstraße', 34);
insert into Adresse (Adresseid, Bundesland ,Ort, PLZ, Strasse,  Hausnummer) values (6, 'Oberösterreich', 'Wels', 4600, 'Lebweg', 22);
insert into Adresse (Adresseid, Bundesland ,Ort, PLZ, Strasse,  Hausnummer) values (7, 'Niederösterreich', 'St.Pölten', 3100, 'Mauerstraße', 1);
insert into Adresse (Adresseid, Bundesland ,Ort, PLZ, Strasse,  Hausnummer) values (8, 'Tirol', 'Kufstein', 6330, 'Lissenweg', 29);
insert into Adresse (Adresseid, Bundesland ,Ort, PLZ, Strasse,  Hausnummer) values (9, 'Wien', 'Schwechat', 1300, 'Bergweg', 11);
insert into Adresse (Adresseid, Bundesland ,Ort, PLZ, Strasse,  Hausnummer) values (10, 'Steiermark', 'Graz', 8010, 'Ochsweg', 4);


INSERT INTO Firma (Firmaid, FirmenName, Taetigkeitsbeschreibung, Unternehmensgroesse, Umsatz, Mitarbeiterid, Adresseid, Gruendungsjahr, Cashflow, Gesellschaftsformen, Eigenkapital) values (1, 'Billa', 'Lebensmittelkette', 1000, 300000, 2, 1, DATE '2000-10-13',3000000, 'Ges', 400000);
INSERT INTO Firma (Firmaid, FirmenName, Taetigkeitsbeschreibung, Unternehmensgroesse, Umsatz, Mitarbeiterid, Adresseid, Gruendungsjahr, Cashflow, Gesellschaftsformen, Eigenkapital) values (2, 'Saturn', 'Elektronik-Fachmarktkette', 1042, 5000000, 3, 3, DATE '2013-10-10',3000000, 'GmbH', 6000000);
INSERT INTO Firma (Firmaid, FirmenName, Taetigkeitsbeschreibung, Unternehmensgroesse, Umsatz, Mitarbeiterid, Adresseid, Gruendungsjahr, Cashflow, Gesellschaftsformen, Eigenkapital) values (3, 'Microsoft', 'Hard- und Softwareentwickler', 5000, 30000000, 1, 2, DATE '1975-03-24',7000000, 'Kg', 50000000);
INSERT INTO Firma (Firmaid, FirmenName, Taetigkeitsbeschreibung, Unternehmensgroesse, Umsatz, Mitarbeiterid, Adresseid, Gruendungsjahr, Cashflow, Gesellschaftsformen, Eigenkapital) values (4, 'Siemens', 'Mischkonzern', 1000, 300000, 4, 10, DATE '2000-04-03',3000000, 'AG', 340934034);
INSERT INTO Firma (Firmaid, FirmenName, Taetigkeitsbeschreibung, Unternehmensgroesse, Umsatz, Mitarbeiterid, Adresseid, Gruendungsjahr, Cashflow, Gesellschaftsformen, Eigenkapital) values (5, 'Media Markt', 'Elektronik-Fachmarktkette', 1042, 5000000, 5, 3, DATE '2002-11-30',3000000, 'AG', 3249230);
INSERT INTO Firma (Firmaid, FirmenName, Taetigkeitsbeschreibung, Unternehmensgroesse, Umsatz, Mitarbeiterid, Adresseid, Gruendungsjahr, Cashflow, Gesellschaftsformen, Eigenkapital) values (6, 'Electronic4You', 'Elektrofachmarkt', 5000, 30000000, 7, 7, DATE '1979-09-19',7000000, 'GmbH', 903403492);
INSERT INTO Firma (Firmaid, FirmenName, Taetigkeitsbeschreibung, Unternehmensgroesse, Umsatz, Mitarbeiterid, Adresseid, Gruendungsjahr, Cashflow, Gesellschaftsformen, Eigenkapital) values (7, 'Voestalpine', 'Technologie', 5000, 30000000, 9, 1, DATE '1990-01-04',7000000, 'AG', 39043049);
INSERT INTO Firma (Firmaid, FirmenName, Taetigkeitsbeschreibung, Unternehmensgroesse, Umsatz, Mitarbeiterid, Adresseid, Gruendungsjahr, Cashflow, Gesellschaftsformen, Eigenkapital) values (8, 'Borealis', 'Kunststoffhersteller', 5000, 30000000, 10, 9, DATE '2000-05-02',7000000, 'AG', 343833);
INSERT INTO Firma (Firmaid, FirmenName, Taetigkeitsbeschreibung, Unternehmensgroesse, Umsatz, Mitarbeiterid, Adresseid, Gruendungsjahr, Cashflow, Gesellschaftsformen, Eigenkapital) values (9, 'Benteler International AG','Automobiltechnik', 5000, 30000000, 1, 2, DATE '1975-03-24',7000000, 'AG', 30498304);
INSERT INTO Firma (Firmaid, FirmenName, Taetigkeitsbeschreibung, Unternehmensgroesse, Umsatz, Mitarbeiterid, Adresseid, Gruendungsjahr, Cashflow, Gesellschaftsformen, Eigenkapital) values (10, 'OMV AG', 'Unternehmen', 5000, 30000000, 5, 8, DATE '2002-12-12',7000000, 'AG', 30943049);
INSERT INTO Firma (Firmaid, FirmenName, Taetigkeitsbeschreibung, Unternehmensgroesse, Umsatz, Mitarbeiterid, Adresseid, Gruendungsjahr, Cashflow, Gesellschaftsformen, Eigenkapital) values (11, 'Porsche', 'Fahrzeughersteller', 5000, 30000000, 5, 10, DATE '1988-03-21',7000000, 'AG', 695845989);
